image_id,image_path,visible_ingredients,model_name,annotation_batch,status,finish_reason,elapsed_seconds,reviewed,corrected_visible_ingredients,review_notes
0002_jpeg.rf.835f8e5dc0b7b520f3d4a848bb7998ec.jpg,data/raw/train/images/0002_jpeg.rf.835f8e5dc0b7b520f3d4a848bb7998ec.jpg,"carrot, red cabbage, milk",Gemma 4 31B-it,gemma4_batch_100_new,success,stop,7.22,True,"carrots, red cabbage, milk, yogurt, cheese, mustard, hot sauce, soy sauce, water, juice, pickles, leafy greens, tomatoes, butter, jam","Gemma correctly identified carrots, red cabbage, and milk, but missed a large number of other visible items including various condiments, dairy products, and produce. | Missing: yogurt, cheese, mustard, hot sauce, soy sauce, water, juice, pickles, leafy greens, tomatoes, butter, jam, condiments"
0004_jpeg.rf.db67104c6e2411b38b575315e819e3de.jpg,data/raw/train/images/0004_jpeg.rf.db67104c6e2411b38b575315e819e3de.jpg,"strawberry, lemon, egg, oat milk",Gemma 4 31B-it,gemma4_batch_100_new,success,stop,7.39,True,"strawberries, leafy greens, bell pepper, red onion, limes, lemon, yogurt, eggs, oat milk, sandwiches, condiments","Gemma identified the most prominent items (strawberries, eggs, oat milk) but missed a large amount of produce (greens, peppers, onions), yogurt, and sandwiches. | Missing: leafy greens, bell pepper, red onion, limes, yogurt, sandwiches, condiments"
0009_jpeg.rf.0c1625dc5db5a35d83270e76c111b780.jpg,data/raw/train/images/0009_jpeg.rf.0c1625dc5db5a35d83270e76c111b780.jpg,"egg, water",Gemma 4 31B-it,gemma4_batch_100_new,success,stop,4.43,True,"mustard, soy sauce, mayonnaise, jam, pickles, yogurt, water, butter, deli meat, milk, eggs, juice, pasta salad, tortillas, sauce","The previous model only identified two items (egg, water) but missed a large number of visible condiments, dairy, and prepared foods. | Missing: mustard, soy sauce, mayonnaise, jam, pickles, yogurt, butter, deli meat, milk, juice, pasta salad, tortillas, sauce"
0013_jpeg.rf.a147b6b2c2efbe662e233e5ec88af8c5.jpg,data/raw/train/images/0013_jpeg.rf.a147b6b2c2efbe662e233e5ec88af8c5.jpg,"banana, apple, honey mustard",Gemma 4 31B-it,gemma4_batch_100_new,success,stop,5.45,True,"banana, apple, honey mustard, food containers, frozen bag","Gemma correctly identified the loose produce and condiment but missed the multiple food storage containers on the shelf and the bag in the freezer compartment. | Missing: food containers, frozen bag"
0015_jpeg.rf.9aa3585b8d96dea99aaf41f5ecaacb7d.jpg,data/raw/train/images/0015_jpeg.rf.9aa3585b8d96dea99aaf41f5ecaacb7d.jpg,"egg, kefir",Gemma 4 31B-it,gemma4_batch_100_new,success,stop,5.76,True,"eggs, butter, jam, kefir, yogurt, zucchini, carrots, lemon, eggplant, apples","Gemma correctly identified eggs and kefir but missed a large number of other clearly visible items including yogurt, butter, jam, vegetables (zucchini, carrots, eggplant), and fruit (lemon, apples). | Missing: butter, jam, yogurt, zucchini, carrots, lemon, eggplant, apples"
0016_jpeg.rf.e0da1dd3f9f4109a8d9d6c9e53ad980d.jpg,data/raw/train/images/0016_jpeg.rf.e0da1dd3f9f4109a8d9d6c9e53ad980d.jpg,"milk, egg",Gemma 4 31B-it,gemma4_batch_100_new,success,stop,4.94,True,"milk, egg, yogurt, mayonnaise, mustard, ketchup, hot sauce, juice, lettuce, carrots, cream cheese, BBQ sauce, pickles, relish, salad dressing","Gemma correctly identified milk and eggs but missed almost all other visible items, including numerous condiments, dairy products, and produce. | Missing: yogurt, mayonnaise, mustard, ketchup, hot sauce, juice, lettuce, carrots, cream cheese, BBQ sauce, pickles, relish, salad dressing"
0017_jpeg.rf.279fb0f3a7c4fc71b32d890822e223b2.jpg,data/raw/train/images/0017_jpeg.rf.279fb0f3a7c4fc71b32d890822e223b2.jpg,"egg, grape, cucumber, lime",Gemma 4 31B-it,gemma4_batch_100_new,success,stop,6.98,True,"eggs, grapes, cucumbers, limes, oranges, tomatoes, meat, lettuce, condiments, frozen vegetables, bread","Gemma correctly identified eggs, grapes, cucumbers, and limes, but missed a significant number of other visible items including oranges, tomatoes, raw meat, lettuce, condiments on the door, and frozen items. | Missing: oranges, tomatoes, meat, lettuce, condiments, frozen vegetables, bread"
0018_jpeg.rf.a40ad1a87817d16c4b77001b9674d0ea.jpg,data/raw/train/images/0018_jpeg.rf.a40ad1a87817d16c4b77001b9674d0ea.jpg,"egg, cabbage, cucumber, water",Gemma 4 31B-it,gemma4_batch_100_new,success,stop,7.09,True,"eggs, cabbage, cucumbers, water, leafy greens, condiments, sauces, prepared food containers, mushrooms, corn","Gemma correctly identified the most prominent fresh items (eggs, cabbage, cucumber) and water but missed a large number of other visible items including leafy greens, various jars and bottles of condiments/sauces, stacked containers of prepared food, and produce in the bottom drawer. | Missing: leafy greens, condiments, sauces, prepared food containers, mushrooms, corn"
0027_jpeg.rf.27a7b52b03bcc33ca222ce1754d0b03e.jpg,data/raw/train/images/0027_jpeg.rf.27a7b52b03bcc33ca222ce1754d0b03e.jpg,"egg, orange juice, corn",Gemma 4 31B-it,gemma4_batch_100_new,success,stop,7.29,True,"eggs, cheese, Dr Pepper, orange juice, soda cans, yogurt, dip, corn, asparagus, prepared meals, pasta sauce","Gemma correctly identified egg, orange juice, and corn, but missed many other visible items including cheese, soda, yogurt cups, asparagus, and packaged meals. | Missing: cheese, Dr Pepper, soda cans, yogurt, dip, asparagus, prepared meals, pasta sauce"
0028_jpeg.rf.189bbd71418fb2ec1a32dedf20f619c5.jpg,data/raw/train/images/0028_jpeg.rf.189bbd71418fb2ec1a32dedf20f619c5.jpg,"greek yogurt, egg, lemon, strawberry, tortilla",Gemma 4 31B-it,gemma4_batch_100_new,success,stop,7.86,True,"greek yogurt, egg, lemon, strawberry, shredded cheese, butter, peanut butter, almond milk, salad greens, meat, mushrooms","Gemma identified basic items but missed many visible foods like cheese, condiments, and produce. 'Tortilla' is likely a hallucination derived from the 'Mexican Style Cheese' box; no clear tortilla package is visible. | Missing: shredded cheese, butter, peanut butter, almond milk, salad greens, meat, mushrooms | Incorrect: tortilla"
0034_jpeg.rf.645f9ace4bebab4506b68536be945a2a.jpg,data/raw/train/images/0034_jpeg.rf.645f9ace4bebab4506b68536be945a2a.jpg,"milk, pineapple juice, sour cream, cottage cheese, egg, cherry tomato, cheese, lemon",Gemma 4 31B-it,gemma4_batch_100_new,success,stop,11.44,True,"milk, pineapple juice, sour cream, cottage cheese, eggs, cherry tomatoes, cheese, lemons, red bell peppers, lettuce, yogurt, black tubs, eggplant, packaged meat","Gemma correctly identified the main labeled items and some produce but missed several visible items including red bell peppers, lettuce, yogurt cups, black tubs in the bottom drawer, and the eggplant in the crisper. | Missing: red bell peppers, lettuce, yogurt, black tubs, eggplant, packaged meat"
0049_jpeg.rf.8e4a40dea2cfbf026f2199e1dae290a3.jpg,data/raw/train/images/0049_jpeg.rf.8e4a40dea2cfbf026f2199e1dae290a3.jpg,"milk, milk, orange juice, cheese, coconut milk",Gemma 4 31B-it,gemma4_batch_100_new,success,stop,8.42,True,"milk, orange juice, cheese, coconut milk yogurt, sour cream, berries, leafy greens, soda cans, vegetable broth, pickles, creamer","Gemma correctly identified milk, orange juice, cheese, and coconut milk but missed a significant number of items including yogurt, sour cream, berries, greens, cans, broth, and condiments. | Missing: yogurt, sour cream, berries, leafy greens, soda cans, broth, pickles, creamer"
0055_jpeg.rf.2fa6e3e14c1e0efc1e9f2512ae5155ac.jpg,data/raw/train/images/0055_jpeg.rf.2fa6e3e14c1e0efc1e9f2512ae5155ac.jpg,"milk, apple",Gemma 4 31B-it,gemma4_batch_100_new,success,stop,5.14,True,"milk, apples, leafy greens, condiments, salad dressing, ketchup, mustard, butter, fruit bowl, juice, water, jars of sauce, pickles","Gemma correctly identified milk and apples but was extremely incomplete, missing the leafy greens, numerous condiments on the doors, drinks, butter, and other produce. | Missing: leafy greens, condiments, salad dressing, ketchup, mustard, butter, fruit bowl, juice, water, jars of sauce, pickles"
0063_jpeg.rf.5e3e62a677ed876855373c0f84a60118.jpg,data/raw/train/images/0063_jpeg.rf.5e3e62a677ed876855373c0f84a60118.jpg,"coca-cola, fanta, apple, green pepper, lemon, asparagus, parmigiano reggiano, oat milk, water",Gemma 4 31B-it,gemma4_batch_100_new,success,stop,13.28,True,"coca-cola bottles, coca-cola can, jar of pickles, fanta can, blueberries, yogurt tubs, meat package, red apples, cheese block, green bell peppers, avocados, butter tub, chocolate box, parmigiano reggiano, ketchup bottle, water bottle, oat milk cartons, asparagus, lemons, celery","Gemma correctly identified the main branded items and specific produce (asparagus, peppers, lemon) but missed a significant number of items including the jar of pickles, blueberries, avocados, butter, yogurt, meat, and condiments. | Missing: pickles, blueberries, yogurt, meat package, avocados, butter, cheese block, ketchup, celery, chocolate box"
0068_jpeg.rf.47824cc74e591c795f348c0bfc7657a4.jpg,data/raw/train/images/0068_jpeg.rf.47824cc74e591c795f348c0bfc7657a4.jpg,"milk, orange juice",Gemma 4 31B-it,gemma4_batch_100_new,success,stop,5.31,True,"milk, orange juice, energy drinks, mustard, ketchup, pickles, relish, eggs, cheese, butter, yogurt, deli meat, vegetables, green onions, water, sauces, juice","The previous model was extremely incomplete, identifying only two items (milk and orange juice) while missing the entire top shelf of condiments, the energy drinks on the door, the eggs, produce, and meats inside. | Missing: energy drinks, mustard, ketchup, pickles, relish, eggs, cheese, butter, yogurt, deli meat, vegetables, green onions, water, sauces, juice"
0077_png.rf.bf11c12979a6e57b2e232db354ccae17.jpg,data/raw/train/images/0077_png.rf.bf11c12979a6e57b2e232db354ccae17.jpg,"grape, egg",Gemma 4 31B-it,gemma4_batch_100_new,success,stop,4.43,True,"grapes, eggs, milk, orange juice, ketchup, mustard, pickles, relish, meat, apples, bread, cheese, sauces, yogurt, butter, soda","Gemma correctly identified grapes and eggs but missed the vast majority of visible items including dairy, condiments, meats, and other produce. | Missing: milk, orange juice, ketchup, mustard, pickles, relish, meat, apples, bread, cheese, sauces, yogurt, butter, soda"
0079_jpeg.rf.8b34b144a1a504c0ef4aef30bf86865e.jpg,data/raw/train/images/0079_jpeg.rf.8b34b144a1a504c0ef4aef30bf86865e.jpg,"tomato, bell pepper, lettuce, orange, cucumber, lemon, egg, avocado",Gemma 4 31B-it,gemma4_batch_100_new,success,stop,10.63,True,"tomato, bell pepper, lettuce, orange, cucumber, lemon, egg, broccoli, mushrooms, bread, melon, watermelon","Gemma missed several distinct items including broccoli, mushrooms, bread rolls, and melons. It also incorrectly identified an avocado, which is not clearly visible (likely confused with a green mango or lime). | Missing: broccoli, mushrooms, bread, melon, watermelon | Incorrect: avocado"
0087_jpeg.rf.0759925cc3a4e2b9ce40a5c6b4c157c4.jpg,data/raw/train/images/0087_jpeg.rf.0759925cc3a4e2b9ce40a5c6b4c157c4.jpg,"milk, strawberry, cottage cheese, water",Gemma 4 31B-it,gemma4_batch_100_new,success,stop,6.83,True,"milk, strawberries, water, mayonnaise, margarine, juice, bread, grapes","Gemma missed several visible items including the jar of mayonnaise, tub of margarine, jug of juice, bread container, and bag of grapes. It likely hallucinated 'cottage cheese' by misidentifying the mayonnaise jar or margarine tub. | Missing: mayonnaise, margarine, juice, bread, grapes | Incorrect: cottage cheese"
0089_jpeg.rf.9dce5aaacee0e5e87f89de53b7e77532.jpg,data/raw/train/images/0089_jpeg.rf.9dce5aaacee0e5e87f89de53b7e77532.jpg,"pickle, cream cheese, yogurt, mayonnaise, mustard, egg, lemon, carrot, butter",Gemma 4 31B-it,gemma4_batch_100_new,success,stop,12.52,True,"pickles, cream cheese, yogurt, mayonnaise, mustard, eggs, jam, carrots, berries, salad greens, tortillas, lemon, herbs, cheese, hot dogs, butter, soda","Gemma correctly identified the condiments and some produce but missed a large portion of the contents including meats, cheeses, fruits, and tortillas. | Missing: jam, berries, salad greens, tortillas, cheese, hot dogs, soda"
0091_jpeg.rf.aba37cbc7a3c56adb0c9ec5d5c09299d.jpg,data/raw/train/images/0091_jpeg.rf.aba37cbc7a3c56adb0c9ec5d5c09299d.jpg,"orange juice, milk, butter",Gemma 4 31B-it,gemma4_batch_100_new,success,stop,6.58,True,"milk, juice, yogurt, butter, prepared meals, deli meat, lettuce, water, lemons, onion, ketchup, mustard, soy sauce, jam, wine","Gemma identified 3 items correctly (milk, butter, juice) but missed the vast majority of the fridge contents, including produce, condiments, beverages, and prepared foods. | Missing: yogurt, vegetables, fruit, water, condiments, prepared meals, deli meat, wine"
0093_jpeg.rf.d54c61dbaeec71cbd0c01c97a9b7d09e.jpg,data/raw/train/images/0093_jpeg.rf.d54c61dbaeec71cbd0c01c97a9b7d09e.jpg,"water, strawberry, cabbage, egg",Gemma 4 31B-it,gemma4_batch_100_new,success,stop,7.6,True,"water, ketchup, strawberries, butter, avocado, soda cans, napa cabbage, zucchini, leftovers, salad greens, celery, red pepper, eggs, asparagus, bok choy, mayonnaise, mustard, soy sauce, butter box, juice cartons","Gemma correctly identified water, strawberries, cabbage, and eggs, but missed the vast majority of visible items including other vegetables (celery, asparagus, bok choy), condiments, and door items. | Missing: ketchup, butter, avocado, soda cans, zucchini, leftovers, salad greens, celery, red pepper, asparagus, bok choy, mayonnaise, mustard, soy sauce, butter box, juice cartons"
0097_jpeg.rf.3de971fc80048551ed350d7ba2afee5a.jpg,data/raw/train/images/0097_jpeg.rf.3de971fc80048551ed350d7ba2afee5a.jpg,"egg, tomato",Gemma 4 31B-it,gemma4_batch_100_new,success,stop,5.14,True,"lettuce, eggs, carrots, grapes, strawberries, tomatoes, condiments, juice, milk, lemons, cheese","The previous model was extremely incomplete, identifying only eggs and tomatoes while missing the majority of visible items including lettuce, cut carrots, grapes, berries, and various door items. | Missing: lettuce, carrots, grapes, strawberries, juice, milk, condiments, lemons, cheese"
0098_jpeg.rf.c877ea95d89c8cacd8ea5bcfb67ebfa8.jpg,data/raw/train/images/0098_jpeg.rf.c877ea95d89c8cacd8ea5bcfb67ebfa8.jpg,"milk, egg, orange, lemon",Gemma 4 31B-it,gemma4_batch_100_new,success,stop,6.37,True,"milk, ketchup, butter, yogurt, eggs, soy milk, mustard, hot sauce, berries, oranges, lemons, condiments, leftovers","Gemma identified the main staples (milk, eggs, oranges, lemons) correctly but missed the vast majority of items, including ketchup, yogurt, berries, and numerous condiments in the door. | Missing: ketchup, yogurt, butter, berries, condiments, leftovers"
0104_jpeg.rf.7789bfa234074b922e32a6e39a357d74.jpg,data/raw/train/images/0104_jpeg.rf.7789bfa234074b922e32a6e39a357d74.jpg,"milk, lemon, lemon",Gemma 4 31B-it,gemma4_batch_100_new,success,stop,6.78,True,"milk, lemon, yogurt, vegetables, ketchup, eggs, cheese, pickles, condiments, butter, meat","Gemma missed the vast majority of visible items. The fridge is well-stocked with yogurt, vegetables (greens, onions), condiments (ketchup, pickles), eggs, and packaged meats/cheese which were not identified. | Missing: yogurt, vegetables, ketchup, eggs, cheese, pickles, condiments, butter, meat"
0110_jpeg.rf.d623a3387633bdc613f20419801ce3cc.jpg,data/raw/train/images/0110_jpeg.rf.d623a3387633bdc613f20419801ce3cc.jpg,"egg, milk",Gemma 4 31B-it,gemma4_batch_100_new,success,stop,4.43,True,"eggs, milk, cheese, condiments, sauce jar, juice carton, food containers, salad, produce","Gemma correctly identified the eggs and milk but missed the majority of the visible items including the cheese block, various condiments, sauce jar, red juice carton, multiple food containers, and produce in the drawers. | Missing: cheese, condiments, sauce jar, juice carton, food containers, salad, produce"
0111_jpeg.rf.d814285e5b9b3f6188dd55894e2aef95.jpg,data/raw/train/images/0111_jpeg.rf.d814285e5b9b3f6188dd55894e2aef95.jpg,egg,Gemma 4 31B-it,gemma4_batch_100_new,success,stop,4.18,True,"eggs, milk, juice, condiments, strawberries, lettuce, carrots, jam, pickles, butter, yogurt","The previous model only identified eggs. The image shows a fully stocked fridge with many visible items including milk jugs, juice, various condiments and sauces, fresh produce like strawberries and lettuce, and jars on the door shelves. | Missing: milk, juice, condiments, strawberries, lettuce, carrots, jam, pickles, butter, yogurt"
0114_jpeg.rf.666e6d0ab3348a16b23c2f0478347018.jpg,data/raw/train/images/0114_jpeg.rf.666e6d0ab3348a16b23c2f0478347018.jpg,"milk, mayonnaise, mustard",Gemma 4 31B-it,gemma4_batch_100_new,success,stop,5.49,True,"milk, mayonnaise, mustard, soda cans, juice cartons, water bottles, bread rolls, ketchup, salad dressing, butter, relish, pickles","Gemma correctly identified milk, mayonnaise, and mustard but missed a large number of other visible items including beverages, bread, and other condiments. | Missing: soda cans, juice cartons, water bottles, bread rolls, ketchup, salad dressing, butter, relish, pickles"
0120_jpeg.rf.023949a997e757be94ba899ba68db45a.jpg,data/raw/train/images/0120_jpeg.rf.023949a997e757be94ba899ba68db45a.jpg,"almond milk, grape, egg",Gemma 4 31B-it,gemma4_batch_100_new,success,stop,5.55,True,"almond milk, eggs, grapes, frozen waffles, mustard, yogurt, pickles, salsa, soda cans, water pitcher, frozen pizza, butter, cheese, condiments, jam, meat package","Gemma correctly identified almond milk, grapes, and eggs but missed the vast majority of visible items including condiments, frozen foods, yogurt, and beverages. | Missing: frozen waffles, mustard, yogurt, pickles, salsa, soda cans, water pitcher, frozen pizza, butter, cheese, condiments, jam, meat package"
0124_jpeg.rf.c4320ae1a77ef91ec0e366e8158c2097.jpg,data/raw/train/images/0124_jpeg.rf.c4320ae1a77ef91ec0e366e8158c2097.jpg,"sour cream, egg, watermelon",Gemma 4 31B-it,gemma4_batch_100_new,success,stop,5.45,True,"sour cream, eggs, watermelon, cheese, yogurt, bananas, salad, condiments, butter, deli meat","The previous model correctly identified sour cream, eggs, and watermelon but was incomplete, missing many other visible items like the cheese wedge, yogurt tub, bananas, salad bowl, and various condiments on the door. | Missing: cheese, yogurt, bananas, salad, condiments, butter, deli meat"
0131_jpeg.rf.44a0910142b1c384a062ae5e225eaf54.jpg,data/raw/train/images/0131_jpeg.rf.44a0910142b1c384a062ae5e225eaf54.jpg,"{
  ""ingredients"": [],
  ""uncertain_items"": [
    {
      ""name"": ""unknown packaged item"",
      ""reason"": ""multiple packaged items on freezer shelves with unreadable labels""
    },
    {
      ""name"": ""unknown bottle"",
      ""reason"": ""multiple bottles in door and main compartment with unreadable labels""
    },
    {
      ""name"": ""unknown jar"",
      ""reason"": ""multiple jars in the door with unreadable labels""
    },
    {
      ""name"": ""unknown packaged item"",
      ""reason"": ""items in the main fridge compartment are too blurry to identify""
    }
  ]
}",Gemma 4 31B-it,gemma4_batch_100_new,success,stop,3.1,True,"cereal boxes, frozen waffles, frozen meals, popsicles, eggs, milk cartons, soda cans, mustard, mayonnaise, jam, pickles, butter, produce","The previous model failed to identify any specific ingredients, labeling everything as unknown due to perceived blurriness. However, the image is clear enough to distinguish common grocery items like cereal on top, rows of popsicles in the freezer door, eggs, dairy, and various condiments in the fridge door. | Missing: cereal, frozen foods, popsicles, eggs, milk, soda, condiments, jars, produce"
0139_jpeg.rf.d68ac5fa75bf0f0878c8ccca56c4c850.jpg,data/raw/train/images/0139_jpeg.rf.d68ac5fa75bf0f0878c8ccca56c4c850.jpg,"egg, watermelon, milk",Gemma 4 31B-it,gemma4_batch_100_new,success,stop,5.86,True,"watermelon, eggs, milk, lettuce, salad mix, butter, juice, food pouches, prepared food containers, meat packages, red produce","Gemma correctly identified the three most prominent items (watermelon, eggs, milk) but missed the majority of the fridge contents including multiple bags of greens, door items, and prepared foods. | Missing: lettuce, salad mix, butter, juice, food pouches, prepared food containers, meat packages, red produce"
0140_jpeg.rf.4134387cdb294e82931ffffc2521d35f.jpg,data/raw/train/images/0140_jpeg.rf.4134387cdb294e82931ffffc2521d35f.jpg,"milk, mayonnaise",Gemma 4 31B-it,gemma4_batch_100_new,success,stop,5.14,True,"milk, mayonnaise, butter, water, wine, ketchup, mustard, soy sauce, beer, carrots, cheese, salad dressing, jam, juice","Gemma correctly identified milk and mayonnaise but missed the vast majority of visible items including butter, various condiments, beverages, and produce in the drawers. | Missing: butter, water, wine, ketchup, mustard, soy sauce, beer, carrots, cheese, salad dressing, jam, juice"
0144_jpeg.rf.ef3933e59e801bcfe6e46266918c0070.jpg,data/raw/train/images/0144_jpeg.rf.ef3933e59e801bcfe6e46266918c0070.jpg,"butter, egg white, almond milk",Gemma 4 31B-it,gemma4_batch_100_new,success,stop,8.06,True,"soda cans, raw meat, yogurt, cheese, pickles, fruit container, egg whites, almond milk, butter, salad dressing, juice","Gemma correctly identified butter, egg whites, and almond milk which are visible on the door, but missed the majority of items including sodas, meat, produce, and condiments. | Missing: soda cans, raw meat, yogurt, cheese, pickles, fruit container, salad dressing, juice"
0148_jpeg.rf.2a24899be498df88c947a4c8db36e8a1.jpg,data/raw/train/images/0148_jpeg.rf.2a24899be498df88c947a4c8db36e8a1.jpg,"egg, lemon, apple, kiwi, red bell pepper, beet",Gemma 4 31B-it,gemma4_batch_100_new,success,stop,9.7,True,"yogurt, avocados, sauerkraut, eggs, lemons, cheese, spinach, chicken, salad, nectarine, kiwi, beets, red bell pepper, tomatoes","Gemma correctly identified eggs, lemons, kiwi, beets, and red bell peppers. It missed significant items like avocados, jars of sauerkraut, greens, and meat. 'Apple' is likely a misidentification of the nectarine or tomatoes in the bottom drawer. | Missing: avocados, sauerkraut, yogurt, spinach, chicken, cheese, nectarine, tomatoes | Incorrect: apple"
0149_jpeg.rf.1525ada60b701afecc8be3278e9aaa91.jpg,data/raw/train/images/0149_jpeg.rf.1525ada60b701afecc8be3278e9aaa91.jpg,aloe vera juice,Gemma 4 31B-it,gemma4_batch_100_new,success,stop,3.61,True,"aloe vera juice, eggs, salad greens, jars of pickles and sauces, leftover containers, hot sauce, soy sauce, condiments, smoothie","The previous model correctly identified the aloe vera juice but missed the vast majority of items in the fridge, including the egg carton, bag of salad, numerous jars on the shelves and door, and various condiment bottles. | Missing: eggs, salad greens, jars of pickles and sauces, leftover containers, hot sauce, soy sauce, condiments, smoothie"
0167_jpeg.rf.4ceb7858f4f41339361e24bea0a07dfa.jpg,data/raw/train/images/0167_jpeg.rf.4ceb7858f4f41339361e24bea0a07dfa.jpg,"cherry tomato, potato, grape, corn, carrot, orange, apple, onion, cherry tomato, cucumber, radish, bell pepper, lime, butter",Gemma 4 31B-it,gemma4_batch_100_new,success,stop,16.2,True,"green beans, jarred tomatoes, potatoes, grapes, mushrooms, corn, iceberg lettuce, mixed greens, melon, carrots, oranges, apples, onions, cherry tomatoes, cucumbers, radishes, bell peppers, limes, yogurt spread","Gemma identified most loose produce correctly but missed several large items including the head of lettuce, the melon, the bags of green beans, and the package of mushrooms. | Missing: green beans, jarred tomatoes, mushrooms, lettuce, melon, mixed greens"
0169_jpeg.rf.65feabb64a3c3f1ccab8dd1d1d5a3d59.jpg,data/raw/train/images/0169_jpeg.rf.65feabb64a3c3f1ccab8dd1d1d5a3d59.jpg,"oatmilk, orange juice, egg, bell pepper, apple, lemon",Gemma 4 31B-it,gemma4_batch_100_new,success,stop,9.55,True,"oatmilk, orange juice, sparkling water, yogurt, blueberries, strawberries, grapes, salad greens, cottage cheese, eggs, sausages, bell peppers, lemons, apples, green onions","Gemma correctly identified the main staples (oatmilk, juice, eggs, peppers, apples, lemons) but missed a significant number of other visible items including various berries, greens, yogurt, and packaged meats. | Missing: sparkling water, yogurt, blueberries, strawberries, grapes, salad greens, cottage cheese, sausages, green onions"
0185_jpeg.rf.2b0c232bcf1b009046eaf86a7b1bf667.jpg,data/raw/train/images/0185_jpeg.rf.2b0c232bcf1b009046eaf86a7b1bf667.jpg,"egg, milk, green onion",Gemma 4 31B-it,gemma4_batch_100_new,success,stop,6.17,True,"soy sauce, mustard, ketchup, mayonnaise, salad dressing, peanut butter, jam, yogurt, apple, strawberries, berries, eggs, milk, green onions, butter, garlic, tomatoes, leftovers","Gemma correctly identified egg, milk, and green onion but missed the vast majority of visible items, including numerous condiments on the left door, fruits (apple, strawberries), yogurt, butter, and produce in the drawers. | Missing: soy sauce, mustard, ketchup, mayonnaise, salad dressing, peanut butter, jam, yogurt, apple, strawberries, berries, butter, garlic, tomatoes, leftovers"
0186_jpeg.rf.1a63c93d6fc31c1fb0ab8a24fb3b9fec.jpg,data/raw/train/images/0186_jpeg.rf.1a63c93d6fc31c1fb0ab8a24fb3b9fec.jpg,"egg, carrot",Gemma 4 31B-it,gemma4_batch_100_new,success,stop,5.14,True,"carrots, leafy greens, celery, lemons, red onion, radishes, milk, cheese, yogurt, condiments, butter","Gemma correctly identified carrots but missed the majority of visible items including leafy greens, celery, lemons, dairy products, and condiments. 'Egg' appears to be a hallucination as no egg carton is clearly visible. | Missing: leafy greens, celery, lemons, red onion, radishes, milk, cheese, yogurt, condiments, butter | Incorrect: egg"
0192_jpeg.rf.65cf77a5a274299a69dc898654671817.jpg,data/raw/train/images/0192_jpeg.rf.65cf77a5a274299a69dc898654671817.jpg,"lemon, egg, butter, tomato ketchup, milk, orange juice",Gemma 4 31B-it,gemma4_batch_100_new,success,stop,8.76,True,"lemons, eggs, bread, butter, ketchup, tomato sauce, milk, orange juice, vegemite, jam jars, lime juice, produce","Gemma correctly identified several key staples (lemons, eggs, butter, ketchup, milk, OJ) but missed a large portion of the visible items including the bread bags, Vegemite, various jars, lime juice, and fresh produce in the drawers. | Missing: bread, vegemite, jam jars, lime juice, produce"
01vtk6iubte51_jpg.rf.338a63065cc7d0942a1e87dbb8054459.jpg,data/raw/train/images/01vtk6iubte51_jpg.rf.338a63065cc7d0942a1e87dbb8054459.jpg,"{
  ""ingredients"": [],
  ""uncertain_items"": [
    {
      ""name"": ""unknown bottle"",
      ""reason"": ""multiple bottles in door and on shelves with unreadable labels""
    },
    {
      ""name"": ""unknown jar"",
      ""reason"": ""multiple jars on top shelf with unreadable labels""
    },
    {
      ""name"": ""unknown packaged item"",
      ""reason"": ""various containers and packages on shelves with unreadable labels""
    },
    {
      ""name"": ""leafy green vegetable"",
      ""reason"": ""green foliage visible in the crisper drawer""
    }
  ]
}",Gemma 4 31B-it,gemma4_batch_100_new,success,stop,3.06,True,"yogurt, mayonnaise, mustard, ketchup, salad dressing, leafy greens, leftovers, frozen food, milk, cheese, jam","The previous model was overly cautious, labeling almost everything as 'unknown' or 'uncertain'. While the image is slightly grainy, distinct items like yellow mustard bottles, a white leftover container, leafy greens in the crisper, and an orange frozen food bag are clearly visible. | Missing: yogurt, condiments (mustard, ketchup, dressing), leftovers, frozen food, milk, cheese"
0201_jpeg.rf.266d706685d63bfb42caef133b41d634.jpg,data/raw/train/images/0201_jpeg.rf.266d706685d63bfb42caef133b41d634.jpg,"whole milk, egg, blueberry, raspberry",Gemma 4 31B-it,gemma4_batch_100_new,success,stop,7.7,True,"almond milk, yogurt, creamer, eggs, cheese, diet coke, lettuce, asparagus, blueberries, raspberries","Gemma correctly identified eggs and berries but misidentified the yogurt tub (labeled 'Whole Milk') as milk and missed the almond milk, soda, and produce in the crisper. | Missing: almond milk, yogurt, creamer, cheese, diet coke, lettuce, asparagus | Incorrect: whole milk"
0207_jpeg.rf.b29797dbc5e2fee5688110f2af25c164.jpg,data/raw/train/images/0207_jpeg.rf.b29797dbc5e2fee5688110f2af25c164.jpg,"milk, egg",Gemma 4 31B-it,gemma4_batch_100_new,success,stop,5.15,True,"milk, eggs, yogurt, salad greens, berries, chicken broth, soy sauce, condiments, cheese, juice","Gemma correctly identified milk and eggs but was extremely incomplete, missing almost all other visible items like yogurt, produce, broth, and numerous condiments. | Missing: yogurt, salad greens, berries, chicken broth, soy sauce, condiments, cheese, juice"
0208_jpeg.rf.2f368d2d2e96123f2c80475346e8b8f9.jpg,data/raw/train/images/0208_jpeg.rf.2f368d2d2e96123f2c80475346e8b8f9.jpg,"egg, cucumber, green onion",Gemma 4 31B-it,gemma4_batch_100_new,success,stop,5.55,True,"eggs, strawberry milk, milk carton, green onions, cucumber, leafy greens, vegetables, sauces, condiments, butter, cheese","Gemma correctly identified eggs, cucumber, and green onion but missed the vast majority of items including drinks, condiments, and other vegetables. | Missing: strawberry milk, milk carton, leafy greens, vegetables, sauces, condiments, butter, cheese"
0218_jpeg.rf.fc1cb739ee15fabc508be706f73b642d.jpg,data/raw/train/images/0218_jpeg.rf.fc1cb739ee15fabc508be706f73b642d.jpg,"egg, milk, pickle, apple, tomato, pineapple",Gemma 4 31B-it,gemma4_batch_100_new,success,stop,9.14,True,"egg, milk, pickle, apple, pineapple, orange, onion, mayonnaise, creamer, mustard, relish, yogurt, greens, soy sauce","Gemma correctly identified egg, milk, pickle, apple, and pineapple. However, it missed significant items like oranges, onions, various condiments (mayo, mustard, creamer), and greens. 'Tomato' appears to be a hallucination or misidentification of the red apples or fruit containers. | Missing: orange, onion, mayonnaise, creamer, mustard, relish, yogurt, greens, soy sauce | Incorrect: tomato"
0227_jpeg.rf.d97f7b72c00895741837c1c1b42ab251.jpg,data/raw/train/images/0227_jpeg.rf.d97f7b72c00895741837c1c1b42ab251.jpg,"butter, orange juice",Gemma 4 31B-it,gemma4_batch_100_new,success,stop,4.43,True,"butter, cheese, eggs, cranberry juice, milk, yogurt, condiments, vegetables, jam, pickles","The previous model was very incomplete, identifying only butter. It likely misidentified the Ocean Spray carton (likely cranberry juice) as orange juice. It missed the extensive collection of condiments, dairy products, eggs, and produce in the crisper. | Missing: cheese, eggs, milk, yogurt, condiments, vegetables, jam, pickles | Incorrect: orange juice"
0229_jpeg.rf.fbc1c64f185c7df70782c1461e1adee3.jpg,data/raw/train/images/0229_jpeg.rf.fbc1c64f185c7df70782c1461e1adee3.jpg,"daikon, orange",Gemma 4 31B-it,gemma4_batch_100_new,success,stop,5.04,True,"daikon, oranges, napa cabbage, green cabbage, leafy greens, eggs, tomatoes, melon, milk, purple cabbage, butter","The previous model correctly identified daikon and oranges but missed the vast majority of visible items including multiple types of cabbage, leafy greens, eggs, tomatoes, melon, and dairy products. | Missing: napa cabbage, green cabbage, leafy greens, eggs, tomatoes, melon, milk, purple cabbage, butter"
0243_jpeg.rf.36643ab19493bdfba753b1d90a11a6c2.jpg,data/raw/train/images/0243_jpeg.rf.36643ab19493bdfba753b1d90a11a6c2.jpg,"cucumber, cabbage, lemon, protein shake",Gemma 4 31B-it,gemma4_batch_100_new,success,stop,6.78,True,"milk, yogurt, cucumber, cabbage, lemon, eggs, protein powder, protein shakes, pickles, condiments, sauces, wine, bowls of food","Gemma correctly identified 4 items (cucumber, cabbage, lemon, protein shake) but missed the majority of the fridge contents including dairy, eggs, condiments, alcohol, and prepared meals. | Missing: milk, yogurt, eggs, protein powder, pickles, condiments, sauces, wine, bowls of food"
0245_jpeg.rf.46422fd23ffe6981544ac760e4f2b90f.jpg,data/raw/train/images/0245_jpeg.rf.46422fd23ffe6981544ac760e4f2b90f.jpg,"water, orange juice, peach tea, almond milk, egg, cherry tomato, salmon, green grape, blueberry, raspberry, blackberry, red bell pepper, yellow bell pepper",Gemma 4 31B-it,gemma4_batch_100_new,success,stop,15.38,True,"water, orange juice, peach tea, lemonade, almond milk, egg, hard boiled eggs, cherry tomato, salmon, green grape, blueberry, raspberry, blackberry, red bell pepper, yellow bell pepper, potatoes, salad greens, canned food","Gemma was highly accurate but missed the potatoes in the left basket, the container of salad greens on the bottom shelf, the canned goods in the middle, and the lemonade jug. | Missing: potatoes, salad greens, canned food, lemonade"
0253_jpeg.rf.9aa4772104bb8e40b99c63911a623870.jpg,data/raw/train/images/0253_jpeg.rf.9aa4772104bb8e40b99c63911a623870.jpg,"maple syrup, coconut water, soy milk, greek yogurt, egg",Gemma 4 31B-it,gemma4_batch_100_new,success,stop,9.14,True,"leafy greens, maple syrup, coconut water, juice, soy milk, butter, greek yogurt, berries, eggs, bread rolls, lemons, carrots, meat","Gemma correctly identified the main labeled cartons and jugs but missed the bag of greens, juice bottle, butter tubs, berry containers, bread rolls, and produce in the drawers. | Missing: leafy greens, juice, butter, berries, bread rolls, lemons, carrots, meat"
0258_jpeg.rf.ca8d1844154a23ad6b567a9e3f8e8475.jpg,data/raw/train/images/0258_jpeg.rf.ca8d1844154a23ad6b567a9e3f8e8475.jpg,"egg, butter",Gemma 4 31B-it,gemma4_batch_100_new,success,stop,5.04,True,"cheese, eggs, butter, yogurt, mustard, sauces, hot sauce, soy sauce, pickles, milk, cream, leftovers, apples, onions, orange juice, water","Gemma only identified eggs and butter on the top shelf, missing the extensive list of condiments, drinks, produce, and leftovers visible throughout the fridge. | Missing: cheese, yogurt, condiments, milk, juice, leftovers, produce, pickles"
0267_jpeg.rf.e40caead453b2488068f84b5b80cf8ac.jpg,data/raw/train/images/0267_jpeg.rf.e40caead453b2488068f84b5b80cf8ac.jpg,"orange juice, pickle dip",Gemma 4 31B-it,gemma4_batch_100_new,success,stop,5.67,True,"orange juice, Lucky Leaf spread, milk, broth carton, ketchup, pickles, zucchini, leftovers, nut butter, plant milk, green dip tub, jam","Gemma missed almost all visible items. It correctly identified the orange juice but hallucinated 'pickle dip' (likely confusing the separate green dip tub and pickle jar). | Missing: milk, Lucky Leaf spread, broth carton, ketchup, pickles, zucchini, leftovers, nut butter, plant milk, green dip tub, jam | Incorrect: pickle dip"
0271_jpeg.rf.216e27f5b1b99d0dab7d489471914648.jpg,data/raw/train/images/0271_jpeg.rf.216e27f5b1b99d0dab7d489471914648.jpg,"egg, marmite, butter",Gemma 4 31B-it,gemma4_batch_100_new,success,stop,5.32,True,"eggs, butter, marmite, milk, yogurt, sauces, condiments, vegetables, juice, water","Gemma correctly identified egg, marmite, and butter, but missed the majority of visible items including milk, yogurts, various sauces, and produce. | Missing: milk, yogurt, sauces, condiments, vegetables, juice, water"
0272_png.rf.246cfaac21e40c225f5e305dc07eb80e.jpg,data/raw/train/images/0272_png.rf.246cfaac21e40c225f5e305dc07eb80e.jpg,"milk, lemon",Gemma 4 31B-it,gemma4_batch_100_new,success,stop,5.05,True,"milk, lemon, lettuce, wine, vodka, yogurt, mustard, hot sauce, soy sauce, meat, berries, peanut butter, pickles, mayonnaise, ketchup, hummus","The previous model was extremely incomplete, identifying only 2 items (milk, lemon) while missing dozens of visible items including condiments, alcohol, produce, and dairy products. | Missing: lettuce, wine, vodka, yogurt, mustard, hot sauce, soy sauce, meat, berries, peanut butter, pickles, mayonnaise, ketchup, hummus"
0278_jpeg.rf.40aa2e8ec7ae3feb5047739746b7c497.jpg,data/raw/train/images/0278_jpeg.rf.40aa2e8ec7ae3feb5047739746b7c497.jpg,"milk, egg",Gemma 4 31B-it,gemma4_batch_100_new,success,stop,5.35,True,"milk, eggs, yogurt, butter, cheese, mayonnaise, mustard, ketchup, hot sauce, soy sauce, salad dressing, jam, lettuce, peppers, zucchini, salad","Gemma correctly identified milk and eggs but missed almost all other visible items including dairy products, produce, and numerous condiments. | Missing: yogurt, butter, cheese, condiments (mayo, mustard, ketchup, sauces), vegetables, salad, jam"
0286_jpeg.rf.080f26cb5f6f38997549dbe8c5fff3ba.jpg,data/raw/train/images/0286_jpeg.rf.080f26cb5f6f38997549dbe8c5fff3ba.jpg,egg,Gemma 4 31B-it,gemma4_batch_100_new,success,stop,3.51,True,"eggs, milk, juice, butter, mayonnaise, mustard, jam, jelly, pickles, salad dressing, vegetables, greens, carrots, scallions, yogurt, cheese, condiments, meat","Gemma correctly identified eggs but missed almost all other visible items in the fully stocked fridge. | Missing: milk, juice, butter, mayonnaise, mustard, jam, jelly, pickles, salad dressing, vegetables, greens, carrots, scallions, yogurt, cheese, condiments, meat"
0289_jpeg.rf.4acbb651481a462ffd3323adc9c88e44.jpg,data/raw/train/images/0289_jpeg.rf.4acbb651481a462ffd3323adc9c88e44.jpg,"egg, grape, strawberry, yellow bell pepper, orange juice, lemon, cherry tomato, tangerine, eggplant",Gemma 4 31B-it,gemma4_batch_100_new,success,stop,11.97,True,"eggs, green grapes, strawberries, yellow bell pepper, orange juice, yogurt, lemons, cherry tomatoes, oranges, eggplant, nuts, bagged vegetables","Gemma identified most main items correctly but missed the stacks of yogurt on the top right, the containers of nuts/snacks on the middle left shelf, and the bags of vegetables in the bottom right crisper drawer. | Missing: yogurt, nuts, bagged vegetables"
0305_jpeg.rf.d1a14d779cceee0c3351b228744cbf8d.jpg,data/raw/train/images/0305_jpeg.rf.d1a14d779cceee0c3351b228744cbf8d.jpg,mayonnaise,Gemma 4 31B-it,gemma4_batch_100_new,success,stop,4.15,True,"mayonnaise, lettuce, yogurt, pickles, condiments, milk, juice, deli meat, cheese, berries, salad dressing, mustard, relish","The previous model only identified 'mayonnaise'. While correct, it missed the vast majority of visible items including produce (lettuce), dairy (yogurt, milk), condiments (mustard, pickles, dressings), and packaged goods (deli meat, cheese, berries). | Missing: lettuce, yogurt, pickles, condiments, milk, juice, deli meat, cheese, berries, salad dressing, mustard, relish"
0306_jpeg.rf.55d0df761dfcc9c2bc682f5b53086b8f.jpg,data/raw/train/images/0306_jpeg.rf.55d0df761dfcc9c2bc682f5b53086b8f.jpg,"egg, milk, cucumber, red pepper",Gemma 4 31B-it,gemma4_batch_100_new,success,stop,6.78,True,"eggs, butter, yogurt, pickles, sauces, ketchup, mustard, milk cartons, soda cans, lettuce, cucumber, red pepper, jam","Gemma correctly identified eggs, milk, cucumber, and red pepper, but missed a significant number of other visible items including butter, yogurt, various condiments, lettuce, and canned drinks. | Missing: butter, yogurt, pickles, sauces, condiments, lettuce, jam, soda cans"
0316_jpeg.rf.9bf9289ad8573728f0bde7c8d320da8f.jpg,data/raw/train/images/0316_jpeg.rf.9bf9289ad8573728f0bde7c8d320da8f.jpg,"apple, lemon, lime, water, grape, almond milk, apple juice, iced tea, bell pepper, chili pepper, egg",Gemma 4 31B-it,gemma4_batch_100_new,success,stop,12.41,True,"apple, lemon, lime, water, grape, almond milk, apple juice, iced tea, bell pepper, chili pepper, egg, celery","Gemma missed the bag of celery (or similar green stalks) visible in the bottom left corner. The red peppers are likely mini sweet peppers rather than chili peppers, but visually similar. Otherwise, the list is very accurate. | Missing: celery"
0317_jpeg.rf.2e5f32dc2d15cb1fdae6a6fad926a2f8.jpg,data/raw/train/images/0317_jpeg.rf.2e5f32dc2d15cb1fdae6a6fad926a2f8.jpg,"egg, sour cream, milk, butter",Gemma 4 31B-it,gemma4_batch_100_new,success,stop,7.29,True,"butter, mustard, vinegar, soy sauce, Worcestershire sauce, pickles, olives, milk, cream, juice, jam, apples, broccoli, eggs, sour cream, strawberries, yogurt","Gemma correctly identified egg, sour cream, milk, and butter, but the list was highly incomplete, missing most condiments, produce, and beverages visible in the fridge. | Missing: mustard, vinegar, soy sauce, Worcestershire sauce, pickles, olives, cream, juice, jam, apples, broccoli, strawberries, yogurt"
0320_jpeg.rf.90f595559ab0b25895554f4911729cb3.jpg,data/raw/train/images/0320_jpeg.rf.90f595559ab0b25895554f4911729cb3.jpg,"milk, orange, apple, water",Gemma 4 31B-it,gemma4_batch_100_new,success,stop,7.14,True,"orange, apple, water, juice, iced tea, cream, yogurt, vegetables, cheese, wine, leftovers","Gemma correctly identified oranges, apple, and water but misidentified the heavy cream carton as milk. It missed the majority of items including juice, iced tea, yogurt, vegetables in the crisper, cheese/deli items, and wine. | Missing: juice, iced tea, cream, yogurt, vegetables, cheese, wine, leftovers | Incorrect: milk"
0323_jpeg.rf.766f6e553dfe143bb6600901f77f97f5.jpg,data/raw/train/images/0323_jpeg.rf.766f6e553dfe143bb6600901f77f97f5.jpg,"orange juice, cola, cucumber, red onion, butter",Gemma 4 31B-it,gemma4_batch_100_new,success,stop,8.59,True,"Red Bull, lemon juice, jars, leftovers, butter, yogurt, eggs, cola, white wine, mustard, Fanta, lettuce, cucumber, red onions","Gemma correctly identified cola, cucumber, red onion, and butter. It missed many items including Red Bull, wine, Fanta, lettuce, yogurt, and eggs. It misidentified the Fanta bottle as orange juice. | Missing: Red Bull, lemon juice, jars, leftovers, yogurt, eggs, white wine, mustard, Fanta, lettuce | Incorrect: orange juice"
0343_jpeg.rf.754ff21efa4100a8e8ce89a16382c682.jpg,data/raw/train/images/0343_jpeg.rf.754ff21efa4100a8e8ce89a16382c682.jpg,"milk, feta cheese, coca cola, orange juice",Gemma 4 31B-it,gemma4_batch_100_new,success,stop,7.89,True,"milk, chocolate oat milk, whipped cream, bagels, yogurt, carrots, berries, eggs, herbs, inca kola, oranges, peppers, condiments, sauces","The previous model missed the majority of items. It hallucinated 'coca cola' (the yellow cans are Inca Kola) and 'feta cheese' (likely misidentified yogurt tubs). It correctly identified milk but missed bagels, eggs, produce, and condiments. | Missing: bagels, yogurt, eggs, herbs, inca kola, oranges, peppers, condiments, whipped cream, chocolate oat milk | Incorrect: coca cola, feta cheese"
0354_jpeg.rf.7eac20122ec4f2f1eedb42a99183e110.jpg,data/raw/train/images/0354_jpeg.rf.7eac20122ec4f2f1eedb42a99183e110.jpg,milk,Gemma 4 31B-it,gemma4_batch_100_new,success,stop,4.43,True,"milk, soda cans, eggs, butter, water, condiments, cheese, yogurt, frozen food, deli meat, leftovers, juice","Gemma only identified milk. The image shows a fully stocked refrigerator with many visible items including soda, eggs, condiments, cheese, and various containers. | Missing: soda cans, eggs, butter, water, condiments, cheese, yogurt, frozen food, deli meat, leftovers, juice"
0360_jpeg.rf.69d5efd8dbe1d1c5c7c9743651455390.jpg,data/raw/train/images/0360_jpeg.rf.69d5efd8dbe1d1c5c7c9743651455390.jpg,"mayonnaise, lemon juice, egg, bread",Gemma 4 31B-it,gemma4_batch_100_new,success,stop,8.34,True,"mayonnaise, lemon juice, bread, eggs, lettuce, butter, sauce, meat, yogurt","Gemma correctly identified the most prominent labeled items (mayonnaise, lemon juice, bread, eggs) but missed several other visible items like the head of lettuce, tub of butter, bottle of sauce, and items in the drawers. | Missing: lettuce, butter, sauce, meat, yogurt, leftovers"
0360oa1pt7b91_jpg.rf.2202c8ae99901355aeffa97628d22442.jpg,data/raw/train/images/0360oa1pt7b91_jpg.rf.2202c8ae99901355aeffa97628d22442.jpg,"milk, half and half, celery",Gemma 4 31B-it,gemma4_batch_100_new,success,stop,6.05,True,"half and half, milk, lime juice, ketchup, hot sauce, soy sauce, pickles, mustard, mayonnaise, yogurt, sour cream, leftovers, celery, avocado, lettuce, carrot, lemon, butter","Gemma correctly identified milk, half and half, and celery, but missed the vast majority of items including numerous condiments, jars, dairy tubs, and other produce. | Missing: lime juice, ketchup, hot sauce, soy sauce, pickles, mustard, mayonnaise, yogurt, sour cream, leftovers, avocado, lettuce, carrot, lemon, butter"
0361_jpeg.rf.56e9b825780767a6e20601e161910de9.jpg,data/raw/train/images/0361_jpeg.rf.56e9b825780767a6e20601e161910de9.jpg,"bell pepper, cherry tomato, egg, cherry",Gemma 4 31B-it,gemma4_batch_100_new,success,stop,8.63,True,"eggs, butter, brussels sprouts, carrots, bell pepper, cherry tomatoes, lettuce, broccoli, radishes, blueberries, red grapes","Gemma correctly identified the bell pepper, cherry tomatoes, and eggs but missed almost all other items. It listed 'cherry' which is incorrect; the red fruit on the bottom shelf are red grapes, not cherries. | Missing: butter, brussels sprouts, carrots, lettuce, broccoli, radishes, blueberries, red grapes | Incorrect: cherry"
0370_jpeg.rf.7021079d2f61bbe1864a33bdfe21f3d0.jpg,data/raw/train/images/0370_jpeg.rf.7021079d2f61bbe1864a33bdfe21f3d0.jpg,"milk, watermelon, cucumber, butter, energy drink",Gemma 4 31B-it,gemma4_batch_100_new,success,stop,9.14,True,"milk, olive oil, watermelon, vinegar, energy drink, water, cucumber, eggs, cheese, yogurt, carrots, deli meat","Gemma identified milk, watermelon, cucumber, and energy drinks correctly. However, it missed significant items like olive oil, vinegar, eggs, cheese, and carrots. It likely hallucinated 'butter' which appears to be a block of cheese. | Missing: olive oil, vinegar, water, eggs, cheese, yogurt, carrots, deli meat | Incorrect: butter"
0372_jpeg.rf.81d90a1ace5cc2289a72d66d65784b10.jpg,data/raw/train/images/0372_jpeg.rf.81d90a1ace5cc2289a72d66d65784b10.jpg,"egg, red bell pepper",Gemma 4 31B-it,gemma4_batch_100_new,success,stop,5.14,True,"bread, butter, milk, juice, salsa, condiments, mustard, mayo, ketchup, salad dressing, tomatoes, zucchini, cream cheese, packaged meat, salad greens, pickles, relish, jam, yogurt","The previous model missed almost all visible items. 'Egg' is not clearly visible (likely hallucinated). The red round items in the crisper area appear to be tomatoes, not red bell peppers. The fridge is well-stocked with bread, dairy cartons, condiments, produce, and meats. | Missing: bread, butter, milk, juice, salsa, condiments, mustard, mayo, ketchup, salad dressing, tomatoes, zucchini, cream cheese, packaged meat, salad greens, pickles, relish, jam, yogurt | Incorrect: egg, red bell pepper"
0386_jpeg.rf.af46e9b268139841185bd627f4c47d3d.jpg,data/raw/train/images/0386_jpeg.rf.af46e9b268139841185bd627f4c47d3d.jpg,"egg, apple, mango, cheddar cheese",Gemma 4 31B-it,gemma4_batch_100_new,success,stop,6.99,True,"eggs, apples, dragon fruit, potatoes, carrots, butter, cream cheese, yogurt, milk cartons, cheddar cheese, condiments, water bottles, snacks","Gemma correctly identified eggs, apples, mango, and cheese but missed a large number of items including dragon fruit, vegetables (potatoes, carrots), dairy products (butter, cream cheese, yogurt), condiments, drinks, and a bin of snacks on the floor. | Missing: dragon fruit, potatoes, carrots, butter, cream cheese, yogurt, milk cartons, condiments, water bottles, snacks"
0391_jpeg.rf.188088d452a7457c0eb83ae7dab0464c.jpg,data/raw/train/images/0391_jpeg.rf.188088d452a7457c0eb83ae7dab0464c.jpg,"flour, egg, hoist hydration",Gemma 4 31B-it,gemma4_batch_100_new,success,stop,10.77,True,"yogurt, flour, eggs, berries, ketchup, protein drinks, beer, vegetables, jam, condiments","Gemma correctly identified flour, eggs, and Hoist drinks but missed the vast majority of items including yogurt, berries, ketchup, beer, and vegetables. | Missing: yogurt, berries, ketchup, beer, vegetables, jam, condiments"
0395_jpeg.rf.bbbf579e64f7eb81a5c82567ff6211e3.jpg,data/raw/train/images/0395_jpeg.rf.bbbf579e64f7eb81a5c82567ff6211e3.jpg,"almond milk, water, lemon, lime, tomato, green bean, red bell pepper, orange bell pepper, cucumber, carrot, egg, mixed greens, dill pickle, turkey breast, sausage",Gemma 4 31B-it,gemma4_batch_100_new,success,stop,17.53,True,"almond milk, water, orange juice, applesauce, lemon, lime, tomato, green bean, red bell pepper, orange bell pepper, green bell pepper, red potato, zucchini, butter, carrot, egg, mixed greens, dill pickle, turkey breast, sausage","Gemma missed several items including beverages (orange juice, applesauce), produce (green bell pepper, red potato, zucchini), and dairy (butter). It misidentified the zucchini as a cucumber. | Missing: orange juice, applesauce, green bell pepper, red potato, zucchini, butter | Incorrect: cucumber"
0398_jpeg.rf.1dafea71f6ad82bd0cdb6f5d47f1cca1.jpg,data/raw/train/images/0398_jpeg.rf.1dafea71f6ad82bd0cdb6f5d47f1cca1.jpg,orange,Gemma 4 31B-it,gemma4_batch_100_new,success,stop,4.63,True,"oranges, carrots, strawberries, blueberries, grapes, peaches, cheese, eggs, juice, milk, soda cans, condiments, meat, butter","The previous model was extremely incomplete, identifying only 'orange' while the fridge is fully stocked with various fruits, vegetables, dairy, drinks, and condiments. | Missing: carrots, strawberries, blueberries, grapes, peaches, cheese, eggs, juice, milk, soda cans, condiments, meat, butter"
0413_jpeg.rf.2bbb16931d9341486de808f3ad7ff27f.jpg,data/raw/train/images/0413_jpeg.rf.2bbb16931d9341486de808f3ad7ff27f.jpg,"milk, cucumber",Gemma 4 31B-it,gemma4_batch_100_new,success,stop,5.04,True,"milk, cucumber, eggs, green bell pepper, lettuce, carrots, yogurt, condiments, frozen food, chocolate truffles","Gemma correctly identified milk and a cucumber/zucchini but missed almost all other visible items including eggs, vegetables, condiments, and frozen goods. | Missing: eggs, green bell pepper, lettuce, carrots, yogurt, condiments, frozen food, chocolate truffles"
0421_jpeg.rf.0e40dbe27868736f216d08e9b3e11ba5.jpg,data/raw/train/images/0421_jpeg.rf.0e40dbe27868736f216d08e9b3e11ba5.jpg,"tomato ketchup, egg, milk, lemon",Gemma 4 31B-it,gemma4_batch_100_new,success,stop,7.7,True,"tomato ketchup, egg, milk, lemon, water bottles, coca-cola cans, coca-cola box, yogurt, mustard, guinness, salad dressing, vegetables, shrimp","Gemma correctly identified four specific items (ketchup, egg, milk, lemon) but missed a large number of other visible items including sodas, water, condiments, and produce. | Missing: water, coca-cola, yogurt, mustard, guinness, salad dressing, vegetables, shrimp"
042ntazw3v7e1_jpeg.rf.fcf3d430eedaf94855d6555c979e5e78.jpg,data/raw/train/images/042ntazw3v7e1_jpeg.rf.fcf3d430eedaf94855d6555c979e5e78.jpg,"apple, grape, egg, boursin cheese, activia yogurt, carrot",Gemma 4 31B-it,gemma4_batch_100_new,success,stop,8.93,True,"apples, carrots, lettuce, grapes, Boursin cheese, sliced cheese, eggs, mustard, jar (relish/pickles), sour cream tub, small yogurt cups, bottom shelf yogurt/snacks","Gemma correctly identified the main distinct items (apples, grapes, eggs, Boursin, carrots, yogurt) but missed many other visible items like the lettuce, condiments, and bottom shelf contents. | Missing: lettuce, sliced cheese, mustard, jar, sour cream tub, bottom shelf items"
0435_jpeg.rf.4fe89985d4a631dc7741a6750c77f383.jpg,data/raw/train/images/0435_jpeg.rf.4fe89985d4a631dc7741a6750c77f383.jpg,"lemon, carrot, broccoli, cream cheese",Gemma 4 31B-it,gemma4_batch_100_new,success,stop,7.7,True,"pot, jar, box, cabbage, lemon, salad bag, spinach, eggs, dip, cream cheese, jam, yogurt, ground meat, sausages, butter, carrots, broccoli, cauliflower, lettuce, sauce bottle","Gemma correctly identified 4 items (lemon, carrot, broccoli, cream cheese) but missed the vast majority of visible food items including eggs, multiple meat packages, and other vegetables. | Missing: eggs, meat, spinach, cabbage, lettuce, jar, pot, dip, yogurt, butter, cauliflower"
0445_jpeg.rf.a14835f194d07bb64416e023d0b8d446.jpg,data/raw/train/images/0445_jpeg.rf.a14835f194d07bb64416e023d0b8d446.jpg,milk,Gemma 4 31B-it,gemma4_batch_100_new,success,stop,4.12,True,"milk, eggs, ketchup, soda, leftovers, soy sauce, wine, bread, cooked food, protein powder","Gemma only identified milk but missed numerous other clearly visible items including eggs, condiments, leftovers, and beverages. | Missing: eggs, ketchup, soda, leftovers, soy sauce, wine, bread, cooked food, protein powder"
0450_jpeg.rf.8282b09c9d5822145ecdd010a506e0ed.jpg,data/raw/train/images/0450_jpeg.rf.8282b09c9d5822145ecdd010a506e0ed.jpg,"egg, milk",Gemma 4 31B-it,gemma4_batch_100_new,success,stop,7.53,True,"eggs, packaged meat, salad, yogurt, milk, juice, pickles, water pitcher, zucchini, foil wrapped food, bowl, fruit, vegetables, condiments, butter","Gemma identified eggs and milk correctly but missed almost all other visible items including meat, produce, condiments, and other dairy. | Missing: packaged meat, salad, yogurt, juice, pickles, water pitcher, zucchini, foil wrapped food, bowl, fruit, vegetables, condiments, butter"
0471_jpeg.rf.821a7cefd173e4a20fb5cef4ce59a082.jpg,data/raw/train/images/0471_jpeg.rf.821a7cefd173e4a20fb5cef4ce59a082.jpg,"green grape, milk, egg, carrot, green bean",Gemma 4 31B-it,gemma4_batch_100_new,success,stop,8.89,True,"green grapes, blueberries, milk, eggs, baby carrots, green beans, pasta, bell peppers, juice, condiments","Gemma correctly identified 5 items present in the fridge but missed several prominent items, particularly the multiple jars of blueberries, containers of pasta, and peppers in the bottom drawer. | Missing: blueberries, pasta, bell peppers, juice, condiments"
0477_jpeg.rf.4852e53f28581190e18606268c31a94f.jpg,data/raw/train/images/0477_jpeg.rf.4852e53f28581190e18606268c31a94f.jpg,"cottage cheese, artichoke heart, egg, lemon, apricot, asparagus, butter",Gemma 4 31B-it,gemma4_batch_100_new,success,stop,9.77,True,"cottage cheese, pickles, yogurt, apricots, artichoke hearts, bread, eggs, lemons, pesto, butter, lemonade, kefir, mustard, herb vinegar, asparagus, green onions, chard, jams","Gemma correctly identified several key items but missed a significant portion of the contents, including the entire crisper drawer (green onions, chard), the pitcher of lemonade, condiments (pesto, vinegar, mustard), and items on the top shelf. | Missing: pickles, yogurt, bread, pesto, lemonade, kefir, mustard, herb vinegar, green onions, chard, jams"
0478_jpeg.rf.af2cffc1b6ac09510104bb9b237fdc95.jpg,data/raw/train/images/0478_jpeg.rf.af2cffc1b6ac09510104bb9b237fdc95.jpg,"egg, sour cream",Gemma 4 31B-it,gemma4_batch_100_new,success,stop,5.67,True,"eggs, sour cream, celery, water pitcher, mustard, yogurt, jars, cans, bottles, bread, meat","Gemma correctly identified eggs and sour cream but missed a vast majority of visible items including celery, condiments (mustard, sauces), dairy products (yogurt tubs), drinks, and freezer contents. | Missing: celery, water pitcher, mustard, yogurt, jars, cans, bottles, bread, meat"
0487_jpeg.rf.02a065a1f108df186284da90d8d1aab9.jpg,data/raw/train/images/0487_jpeg.rf.02a065a1f108df186284da90d8d1aab9.jpg,"egg, milk",Gemma 4 31B-it,gemma4_batch_100_new,success,stop,5.03,True,"eggs, butter, yogurt, grapes, cauliflower, creamer, hummus, berries, deli meat, oranges, peppers, hot sauce, soy sauce, ketchup, mustard, mayo, pickles, jam, cheese","The previous model was extremely incomplete, identifying only eggs and milk. The image shows a fully stocked fridge with visible butter, yogurt, various fruits and vegetables (grapes, peppers, oranges), condiments, sauces, and deli items. | Missing: butter, yogurt, grapes, cauliflower, creamer, hummus, berries, deli meat, oranges, peppers, hot sauce, soy sauce, ketchup, mustard, mayo, pickles, jam, cheese"
0489_jpeg.rf.82ee9133546a258b5abde35895631f4f.jpg,data/raw/train/images/0489_jpeg.rf.82ee9133546a258b5abde35895631f4f.jpg,"banana, lime, milk",Gemma 4 31B-it,gemma4_batch_100_new,success,stop,5.96,True,"bananas, strawberries, blueberries, eggs, milk cartons, juice, chicken fillets, cheese, yogurt, jars of sauce, pickles, avocados","The previous model identified 3 correct items (banana, lime, milk) but was extremely incomplete, missing the majority of visible items like meat, eggs, berries, and other dairy. | Missing: strawberries, blueberries, eggs, chicken, cheese, yogurt, juice, jars, avocados"
0497_jpeg.rf.3165d09a033f8ab59b3d7632b573675f.jpg,data/raw/train/images/0497_jpeg.rf.3165d09a033f8ab59b3d7632b573675f.jpg,"milk, mustard",Gemma 4 31B-it,gemma4_batch_100_new,success,stop,5.14,True,"milk, mustard, grapes, cheese, carrots, yogurt, ketchup, salad dressing, water, juice, hummus, mayo, pickles","Gemma correctly identified milk and mustard but missed the vast majority of visible items including produce (grapes, carrots), dairy (cheese, yogurt), and numerous condiments. | Missing: grapes, cheese, carrots, ketchup, salad dressing, yogurt, water pitcher, juice, mayo, pickles, hummus"
0506_jpeg.rf.589822189752d02d3d25e69c0985a62a.jpg,data/raw/train/images/0506_jpeg.rf.589822189752d02d3d25e69c0985a62a.jpg,"egg, chicken broth, mayonnaise, chobani yogurt",Gemma 4 31B-it,gemma4_batch_100_new,success,stop,6.47,True,"eggs, mayonnaise, Chobani yogurt, syrup, mustard, pickles, orange juice, cold brew coffee, water bottles, salad dressings, leftover containers, soda cans, vegetables","Gemma correctly identified eggs, mayonnaise, and Chobani yogurt. It missed almost all other visible items like syrup, condiments, juice, and leftovers. It hallucinated chicken broth which is not visible. | Missing: syrup, mustard, pickles, orange juice, cold brew coffee, water bottles, salad dressings, leftover containers, soda cans, vegetables | Incorrect: chicken broth"
0507_jpeg.rf.a6238fc93a50d374c030eb8312f2d5ab.jpg,data/raw/train/images/0507_jpeg.rf.a6238fc93a50d374c030eb8312f2d5ab.jpg,"milk, orange juice, bell pepper",Gemma 4 31B-it,gemma4_batch_100_new,success,stop,5.45,True,"milk, bell peppers, oranges, eggs, red onions, cabbage, yogurt, berries, condiments, leftovers","Gemma correctly identified milk and bell peppers but missed the majority of visible items including eggs, onions, cabbage, and fruit. The prediction of 'orange juice' is likely incorrect, possibly hallucinated from the visible oranges or an orange-colored condiment bottle. | Missing: eggs, red onions, cabbage, yogurt, berries, oranges | Incorrect: orange juice"
0514_jpeg.rf.174cef98f0e5e528dffb17453dae3713.jpg,data/raw/train/images/0514_jpeg.rf.174cef98f0e5e528dffb17453dae3713.jpg,"egg, yogurt, butter, yellow bell pepper, mint",Gemma 4 31B-it,gemma4_batch_100_new,success,stop,9.14,True,"watermelon, berries, yellow fruit, celery, yogurt, eggs, butter, soy sauce, mustard, jam, cheese, meat, sparkling water, cilantro, yellow bell pepper, green beans, zucchini","Gemma missed the majority of visible items including fruits, condiments, meat, cheese, and vegetables. It likely misidentified the herbs (cilantro/parsley) as mint. | Missing: watermelon, berries, yellow fruit, celery, soy sauce, mustard, jam, cheese, meat, sparkling water, green beans, zucchini | Incorrect: mint"
0515_jpeg.rf.947c47e165d2e1172410e5c63747e350.jpg,data/raw/train/images/0515_jpeg.rf.947c47e165d2e1172410e5c63747e350.jpg,"egg, coconut milk, kefir, kimchi, salmon, banana, orange, mango, apple",Gemma 4 31B-it,gemma4_batch_100_new,success,stop,13.13,True,"egg, coconut milk, kefir, kimchi, salmon, banana, orange, mango, apple, jam, creamer, yogurt, pickles, cheese, olive oil spray, bacon, salad mix, ground beef","Gemma accurately identified the primary fresh ingredients (produce, dairy, fish) but missed several condiments, packaged meats, and other items visible on the shelves. | Missing: jam, creamer, yogurt, pickles, cheese, olive oil spray, bacon, salad mix, ground beef"
0517_jpeg.rf.8cc50b2be27a4a77731d68638b8449a9.jpg,data/raw/train/images/0517_jpeg.rf.8cc50b2be27a4a77731d68638b8449a9.jpg,"apple, milk, maple syrup, egg",Gemma 4 31B-it,gemma4_batch_100_new,success,stop,6.5,True,"yogurt, leftovers, strawberries, beer, almond milk, apple, blueberries, meat, eggs, maple syrup, jam, juice, mustard, soy sauce, ketchup","Gemma correctly identified 4 items (apple, milk/silk, maple syrup, egg) but missed the majority of visible items including yogurt, berries, beer, meat, and various condiments. | Missing: yogurt, leftovers, strawberries, beer, blueberries, meat, jam, juice, mustard, soy sauce, ketchup"
0527_jpeg.rf.fdf5ffdee30d03e75acc173ff8d612d4.jpg,data/raw/train/images/0527_jpeg.rf.fdf5ffdee30d03e75acc173ff8d612d4.jpg,egg,Gemma 4 31B-it,gemma4_batch_100_new,success,stop,3.48,True,"eggs, yogurt, cream cheese, apple, packaged meat, leftovers, butter","Gemma correctly identified eggs but missed a significant number of other visible items including yogurt cups, cream cheese tubs, an apple, packaged meat, and various leftover containers. | Missing: yogurt, cream cheese, apple, packaged meat, leftovers, butter"
0535_jpeg.rf.352f332a7d0f36868eb9ef0f005ca3a0.jpg,data/raw/train/images/0535_jpeg.rf.352f332a7d0f36868eb9ef0f005ca3a0.jpg,"egg, milk, cold brew coffee, mayonnaise, pickle, apple, bread",Gemma 4 31B-it,gemma4_batch_100_new,success,stop,10.93,True,"eggs, cold brew coffee, milk, oat milk, mustard, butter, berries, bread rolls, sparkling water, salad greens, yogurt, apples, lemons, limes, mayonnaise, pickles, cheese, deli meat, ketchup, hot sauce, soy sauce, salad dressing","Gemma correctly identified the specific items it listed (no hallucinations), but the list was highly incomplete, missing the majority of visible items such as condiments, produce (berries, greens, citrus), and other dairy. | Missing: mustard, butter, berries, sparkling water, salad greens, yogurt, lemons, limes, cheese, deli meat, ketchup, hot sauce, soy sauce, salad dressing, oat milk"
0547_jpeg.rf.2469d04b30bcba697654d0b15f41025c.jpg,data/raw/train/images/0547_jpeg.rf.2469d04b30bcba697654d0b15f41025c.jpg,"egg, water",Gemma 4 31B-it,gemma4_batch_100_new,success,stop,4.38,True,"milk, water pitcher, water bottles, eggs, yogurt, condiments, sauces, vegetables, lettuce, ketchup, mustard, juice carton, leftovers","The previous model was extremely incomplete, identifying only eggs and water while missing the vast majority of visible items including milk, dairy products, numerous condiments, sauces, and fresh produce. | Missing: milk, yogurt, vegetables, lettuce, condiments, sauces, ketchup, mustard, juice carton, leftovers"
0550_jpeg.rf.2eb4673f40e51f46ee9bb2f7330ac955.jpg,data/raw/train/images/0550_jpeg.rf.2eb4673f40e51f46ee9bb2f7330ac955.jpg,"egg, lemon, lime",Gemma 4 31B-it,gemma4_batch_100_new,success,stop,6.17,True,"eggs, lemons, limes, milk, yogurt, mayonnaise, butter, cheese, salad greens, lettuce, condiments, sauces, oils, pickles, leftovers, wine","The previous model correctly identified eggs, lemons, and limes but missed the vast majority of visible items including dairy, condiments, sauces, and vegetables. | Missing: milk, yogurt, mayonnaise, butter, cheese, salad greens, lettuce, condiments, sauces, oils, pickles, leftovers, wine"
0558_jpeg.rf.30506dc59920af283a45c9806f1908fb.jpg,data/raw/train/images/0558_jpeg.rf.30506dc59920af283a45c9806f1908fb.jpg,"milk, egg, tomato, cabbage, cucumber",Gemma 4 31B-it,gemma4_batch_100_new,success,stop,9.05,True,"milk, eggs, cabbage, lettuce, onions, mushrooms, sausages, green beans, tangerines, bananas, water, mustard","Gemma missed significant items like onions, mushrooms, bananas, and meat. It misidentified tangerines as tomatoes and green beans/okra as cucumbers. | Missing: onions, mushrooms, bananas, tangerines, sausages, lettuce, water, mustard | Incorrect: tomato, cucumber"
0560_jpeg.rf.3925d2f3e36e82c37b8df8048f04d91e.jpg,data/raw/train/images/0560_jpeg.rf.3925d2f3e36e82c37b8df8048f04d91e.jpg,"egg, milk",Gemma 4 31B-it,gemma4_batch_100_new,success,stop,5.13,True,"popsicles, frozen food boxes, yogurt tub, produce bags, hummus, meat package, water bottle, juice carton, iced tea pitcher, eggs, leftover container, milk cartons, soda bottle, condiments","The previous model was extremely incomplete, identifying only eggs and milk while missing a fridge full of items like frozen goods, produce, condiments, and beverages. | Missing: popsicles, frozen food, produce, hummus, meat, water, juice, iced tea, leftovers, condiments, soda"
0571_jpeg.rf.20ca8024ade42ec869b5223bb8ac56fb.jpg,data/raw/train/images/0571_jpeg.rf.20ca8024ade42ec869b5223bb8ac56fb.jpg,mayonnaise,Gemma 4 31B-it,gemma4_batch_100_new,success,stop,3.81,True,"chocolate syrup, mustard, mayonnaise, frozen meat, butter, salad dressing, liquor, soy sauce, hot sauce, cheese, vegetables, cream cheese, lime juice","The previous model correctly identified 'mayonnaise' (visible on the bottom right door shelf) but failed to identify the vast majority of visible items. The fridge is fully stocked with condiments (chocolate syrup, mustard, soy sauce), frozen meats, dairy (butter, cheese), and produce. | Missing: chocolate syrup, mustard, frozen meat, butter, salad dressing, liquor, soy sauce, hot sauce, cheese, vegetables, cream cheese, lime juice, ketchup, pickles"
0572_jpeg.rf.56992fd36608b0bf20530f89000173ed.jpg,data/raw/train/images/0572_jpeg.rf.56992fd36608b0bf20530f89000173ed.jpg,"orange, cucumber",Gemma 4 31B-it,gemma4_batch_100_new,success,stop,5.66,True,"oranges, leafy greens, water, sriracha sauce, lillet, lime, cucumbers, tomatoes, prepared food containers","The model correctly identified oranges and likely cucumbers but missed the vast majority of items, including the leafy greens in the bottom drawer, bottles of alcohol and sauce, a water pitcher, and numerous containers of leftovers. | Missing: leafy greens, water, sriracha sauce, lillet, lime, tomatoes, prepared food containers"
0573_jpeg.rf.5451eeb592e6363c19f6ab352bb7c94a.jpg,data/raw/train/images/0573_jpeg.rf.5451eeb592e6363c19f6ab352bb7c94a.jpg,"egg, orange",Gemma 4 31B-it,gemma4_batch_100_new,success,stop,5.14,True,"eggs, oranges, milk, cream, butter, egg whites, beer, berries, vegetables, salad greens, condiments, sauces, meat, pickles","Gemma correctly identified eggs and oranges but was extremely incomplete, missing almost all other visible items like dairy, beverages, produce, and condiments. | Missing: milk, cream, butter, egg whites, beer, berries, vegetables, salad greens, condiments, sauces, meat, pickles"
